"","x"
"1","a"
"2","a's"
"3","able"
"4","about"
"5","above"
"6","according"
"7","accordingly"
"8","across"
"9","actually"
"10","after"
"11","afterwards"
"12","again"
"13","against"
"14","ain't"
"15","all"
"16","allow"
"17","allows"
"18","almost"
"19","alone"
"20","along"
"21","already"
"22","also"
"23","although"
"24","always"
"25","am"
"26","among"
"27","amongst"
"28","an"
"29","and"
"30","another"
"31","any"
"32","anybody"
"33","anyhow"
"34","anyone"
"35","anything"
"36","anyway"
"37","anyways"
"38","anywhere"
"39","apart"
"40","appear"
"41","appreciate"
"42","appropriate"
"43","are"
"44","aren't"
"45","around"
"46","as"
"47","aside"
"48","ask"
"49","asking"
"50","associated"
"51","at"
"52","available"
"53","away"
"54","awfully"
"55","b"
"56","be"
"57","became"
"58","because"
"59","become"
"60","becomes"
"61","becoming"
"62","been"
"63","before"
"64","beforehand"
"65","behind"
"66","being"
"67","believe"
"68","below"
"69","beside"
"70","besides"
"71","best"
"72","better"
"73","between"
"74","beyond"
"75","both"
"76","brief"
"77","but"
"78","by"
"79","c"
"80","c'mon"
"81","c's"
"82","came"
"83","can"
"84","can't"
"85","cannot"
"86","cant"
"87","cause"
"88","causes"
"89","certain"
"90","certainly"
"91","changes"
"92","clearly"
"93","co"
"94","com"
"95","come"
"96","comes"
"97","concerning"
"98","consequently"
"99","consider"
"100","considering"
"101","contain"
"102","containing"
"103","contains"
"104","corresponding"
"105","could"
"106","couldn't"
"107","course"
"108","currently"
"109","d"
"110","definitely"
"111","described"
"112","despite"
"113","did"
"114","didn't"
"115","different"
"116","do"
"117","does"
"118","doesn't"
"119","doing"
"120","don't"
"121","done"
"122","down"
"123","downwards"
"124","during"
"125","e"
"126","each"
"127","edu"
"128","eg"
"129","eight"
"130","either"
"131","else"
"132","elsewhere"
"133","enough"
"134","entirely"
"135","especially"
"136","et"
"137","etc"
"138","even"
"139","ever"
"140","every"
"141","everybody"
"142","everyone"
"143","everything"
"144","everywhere"
"145","ex"
"146","exactly"
"147","example"
"148","except"
"149","f"
"150","far"
"151","few"
"152","fifth"
"153","first"
"154","five"
"155","followed"
"156","following"
"157","follows"
"158","for"
"159","former"
"160","formerly"
"161","forth"
"162","four"
"163","from"
"164","further"
"165","furthermore"
"166","g"
"167","get"
"168","gets"
"169","getting"
"170","given"
"171","gives"
"172","go"
"173","goes"
"174","going"
"175","gone"
"176","got"
"177","gotten"
"178","greetings"
"179","h"
"180","had"
"181","hadn't"
"182","happens"
"183","hardly"
"184","has"
"185","hasn't"
"186","have"
"187","haven't"
"188","having"
"189","he"
"190","he's"
"191","hello"
"192","help"
"193","hence"
"194","her"
"195","here"
"196","here's"
"197","hereafter"
"198","hereby"
"199","herein"
"200","hereupon"
"201","hers"
"202","herself"
"203","hi"
"204","him"
"205","himself"
"206","his"
"207","hither"
"208","hopefully"
"209","how"
"210","howbeit"
"211","however"
"212","i"
"213","i'd"
"214","i'll"
"215","i'm"
"216","i've"
"217","ie"
"218","if"
"219","ignored"
"220","immediate"
"221","in"
"222","inasmuch"
"223","inc"
"224","indeed"
"225","indicate"
"226","indicated"
"227","indicates"
"228","inner"
"229","insofar"
"230","instead"
"231","into"
"232","inward"
"233","is"
"234","isn't"
"235","it"
"236","it'd"
"237","it'll"
"238","it's"
"239","its"
"240","itself"
"241","j"
"242","just"
"243","k"
"244","keep"
"245","keeps"
"246","kept"
"247","know"
"248","knows"
"249","known"
"250","l"
"251","last"
"252","lately"
"253","later"
"254","latter"
"255","latterly"
"256","least"
"257","less"
"258","lest"
"259","let"
"260","let's"
"261","like"
"262","liked"
"263","likely"
"264","little"
"265","look"
"266","looking"
"267","looks"
"268","ltd"
"269","m"
"270","mainly"
"271","many"
"272","may"
"273","maybe"
"274","me"
"275","mean"
"276","meanwhile"
"277","merely"
"278","might"
"279","more"
"280","moreover"
"281","most"
"282","mostly"
"283","much"
"284","must"
"285","my"
"286","myself"
"287","n"
"288","name"
"289","namely"
"290","nd"
"291","near"
"292","nearly"
"293","necessary"
"294","need"
"295","needs"
"296","neither"
"297","never"
"298","nevertheless"
"299","new"
"300","next"
"301","nine"
"302","no"
"303","nobody"
"304","non"
"305","none"
"306","noone"
"307","nor"
"308","normally"
"309","not"
"310","nothing"
"311","novel"
"312","now"
"313","nowhere"
"314","o"
"315","obviously"
"316","of"
"317","off"
"318","often"
"319","oh"
"320","ok"
"321","okay"
"322","old"
"323","on"
"324","once"
"325","one"
"326","ones"
"327","only"
"328","onto"
"329","or"
"330","other"
"331","others"
"332","otherwise"
"333","ought"
"334","our"
"335","ours"
"336","ourselves"
"337","out"
"338","outside"
"339","over"
"340","overall"
"341","own"
"342","p"
"343","particular"
"344","particularly"
"345","per"
"346","perhaps"
"347","placed"
"348","please"
"349","plus"
"350","possible"
"351","presumably"
"352","probably"
"353","provides"
"354","q"
"355","que"
"356","quite"
"357","qv"
"358","r"
"359","rather"
"360","rd"
"361","re"
"362","really"
"363","reasonably"
"364","regarding"
"365","regardless"
"366","regards"
"367","relatively"
"368","respectively"
"369","right"
"370","s"
"371","said"
"372","same"
"373","saw"
"374","say"
"375","saying"
"376","says"
"377","second"
"378","secondly"
"379","see"
"380","seeing"
"381","seem"
"382","seemed"
"383","seeming"
"384","seems"
"385","seen"
"386","self"
"387","selves"
"388","sensible"
"389","sent"
"390","serious"
"391","seriously"
"392","seven"
"393","several"
"394","shall"
"395","she"
"396","should"
"397","shouldn't"
"398","since"
"399","six"
"400","so"
"401","some"
"402","somebody"
"403","somehow"
"404","someone"
"405","something"
"406","sometime"
"407","sometimes"
"408","somewhat"
"409","somewhere"
"410","soon"
"411","sorry"
"412","specified"
"413","specify"
"414","specifying"
"415","still"
"416","sub"
"417","such"
"418","sup"
"419","sure"
"420","t"
"421","t's"
"422","take"
"423","taken"
"424","tell"
"425","tends"
"426","th"
"427","than"
"428","thank"
"429","thanks"
"430","thanx"
"431","that"
"432","that's"
"433","thats"
"434","the"
"435","their"
"436","theirs"
"437","them"
"438","themselves"
"439","then"
"440","thence"
"441","there"
"442","there's"
"443","thereafter"
"444","thereby"
"445","therefore"
"446","therein"
"447","theres"
"448","thereupon"
"449","these"
"450","they"
"451","they'd"
"452","they'll"
"453","they're"
"454","they've"
"455","think"
"456","third"
"457","this"
"458","thorough"
"459","thoroughly"
"460","those"
"461","though"
"462","three"
"463","through"
"464","throughout"
"465","thru"
"466","thus"
"467","to"
"468","together"
"469","too"
"470","took"
"471","toward"
"472","towards"
"473","tried"
"474","tries"
"475","truly"
"476","try"
"477","trying"
"478","twice"
"479","two"
"480","u"
"481","un"
"482","under"
"483","unfortunately"
"484","unless"
"485","unlikely"
"486","until"
"487","unto"
"488","up"
"489","upon"
"490","us"
"491","use"
"492","used"
"493","useful"
"494","uses"
"495","using"
"496","usually"
"497","uucp"
"498","v"
"499","value"
"500","various"
"501","very"
"502","via"
"503","viz"
"504","vs"
"505","w"
"506","want"
"507","wants"
"508","was"
"509","wasn't"
"510","way"
"511","we"
"512","we'd"
"513","we'll"
"514","we're"
"515","we've"
"516","welcome"
"517","well"
"518","went"
"519","were"
"520","weren't"
"521","what"
"522","what's"
"523","whatever"
"524","when"
"525","whence"
"526","whenever"
"527","where"
"528","where's"
"529","whereafter"
"530","whereas"
"531","whereby"
"532","wherein"
"533","whereupon"
"534","wherever"
"535","whether"
"536","which"
"537","while"
"538","whither"
"539","who"
"540","who's"
"541","whoever"
"542","whole"
"543","whom"
"544","whose"
"545","why"
"546","will"
"547","willing"
"548","wish"
"549","with"
"550","within"
"551","without"
"552","won't"
"553","wonder"
"554","would"
"555","would"
"556","wouldn't"
"557","x"
"558","y"
"559","yes"
"560","yet"
"561","you"
"562","you'd"
"563","you'll"
"564","you're"
"565","you've"
"566","your"
"567","yours"
"568","yourself"
"569","yourselves"
"570","z"
"571","zero"
"572","hon"
"573","honourable"
"574","hn"
"575","sir"
"576","member"
"577","friend"
"578","opposite"
"579","rt"
"580","right"
"581","minister"
"582","learned"
"583","gallant"
"584","speaker"
"585","acting"
"586","act"
"587","secretary"
"588","gentleman"
"589","committee"
"590","mrs"
"591","mr"
"592","northern"
"593","ireland"
"594","members"
"595","nthe"
"596","nthis"
"597","Ü¢"
"598","dr"
"599","esquire"
"600","government"
"601","house"
"602","debate"
"603","adamsæ"
"604","alexanderæ"
"605","allenæ"
"606","andersonæ"
"607","baileyæ"
"608","bakeræ"
"609","barnesæ"
"610","bellæ"
"611","bennettæ"
"612","brooksæ"
"613","brownæ"
"614","bryantæ"
"615","butleræ"
"616","campbellæ"
"617","carteræ"
"618","clarkæ"
"619","colemanæ"
"620","collinsæ"
"621","cookæ"
"622","cooperæ"
"623","coxæ"
"624","davisæ"
"625","diazæ"
"626","edwardsæ"
"627","evansæ"
"628","floresæ"
"629","fosteræ"
"630","garciaæ"
"631","gonzalesæ"
"632","gonzalezæ"
"633","grayæ"
"634","greenæ"
"635","griffinæ"
"636","hallæ"
"637","harrisæ"
"638","hayesæ"
"639","hendersonæ"
"640","hernandezæ"
"641","hillæ"
"642","howardæ"
"643","hughesæ"
"644","jacksonæ"
"645","jamesæ"
"646","jenkinsæ"
"647","johnsonæ"
"648","jonesæ"
"649","kellyæ"
"650","kingæ"
"651","leeæ"
"652","lewisæ"
"653","longæ"
"654","lopezæ"
"655","martinezæ"
"656","martinæ"
"657","milleræ"
"658","mitchellæ"
"659","mooreæ"
"660","morganæ"
"661","morrisæ"
"662","murphyæ"
"663","nelsonæ"
"664","parkeræ"
"665","pattersonæ"
"666","perezæ"
"667","perryæ"
"668","petersonæ"
"669","phillipsæ"
"670","powellæ"
"671","priceæ"
"672","ramirezæ"
"673","reedæ"
"674","richardsonæ"
"675","riveraæ"
"676","robertsæ"
"677","robinsonæ"
"678","rodriguezæ"
"679","rogersæ"
"680","rossæ"
"681","russellæ"
"682","sanchezæ"
"683","sandersæ"
"684","scottæ"
"685","simmonsæ"
"686","smithæ"
"687","stewartæ"
"688","tayloræ"
"689","thomasæ"
"690","thompsonæ"
"691","torresæ"
"692","turneræ"
"693","walkeræ"
"694","wardæ"
"695","washingtonæ"
"696","watsonæ"
"697","whiteæ"
"698","williamsæ"
"699","wilsonæ"
"700","woodæ"
"701","wrightæ"
"702","youngæ"
"703","aali"
"704","aaliyah"
"705","aaren"
"706","aaron"
"707","abbey"
"708","abbi"
"709","abbie"
"710","abby"
"711","abe"
"712","abegail"
"713","abel"
"714","abigail"
"715","abigayle"
"716","abner"
"717","abraham"
"718","abram "
"719","acacia"
"720","ace"
"721","ada"
"722","adair"
"723","adam"
"724","adamina"
"725","addie"
"726","addison"
"727","addy"
"728","adela"
"729","adelaide"
"730","adelbert"
"731","adele"
"732","adelheid"
"733","adelia"
"734","adeline"
"735","adelle"
"736","aden"
"737","adolf"
"738","adolph"
"739","adria"
"740","adrian"
"741","adriana"
"742","adrianna"
"743","adrianne"
"744","africa "
"745","agatha"
"746","aggie"
"747","agnes"
"748","aidan"
"749","aiden"
"750","aileen"
"751","ainslee"
"752","ainsley"
"753","ainslie"
"754","aisha"
"755","al"
"756","alaina"
"757","alan"
"758","alana"
"759","alanis"
"760","alanna"
"761","alannah"
"762","alannis"
"763","alayna"
"764","alban"
"765","alberich"
"766","albert"
"767","alberta"
"768","alden"
"769","aldo"
"770","aldous"
"771","alea"
"772","alease"
"773","alec"
"774","alecia"
"775","aleesha"
"776","alene"
"777","alesha"
"778","alesia"
"779","alessandra"
"780","aleta"
"781","aletha"
"782","alethea"
"783","alex"
"784","alexa"
"785","alexander"
"786","alexandra"
"787","alexandrea"
"788","alexandria"
"789","alexandrina"
"790","alexia"
"791","alexina"
"792","alexis"
"793","alexus"
"794","alf "
"795","alfher"
"796","alfie"
"797","alfonso"
"798","alfred"
"799","alfreda"
"800","algar"
"801","alger"
"802","algernon"
"803","aliah"
"804","alice"
"805","alicia"
"806","aline"
"807","alise "
"808","alisha"
"809","alishia"
"810","alisia"
"811","alison"
"812","alissa"
"813","alisya"
"814","alivia"
"815","allan"
"816","allana"
"817","allannah"
"818","allegra"
"819","allegria"
"820","allen"
"821","allie"
"822","allison"
"823","allissa"
"824","ally"
"825","allycia"
"826","allyn"
"827","allyson"
"828","alma"
"829","almira"
"830","alonzo"
"831","aloysius"
"832","alpha"
"833","alphonso"
"834","alphonzo"
"835","alton"
"836","alva "
"837","alvah"
"838","alvena"
"839","alvin"
"840","alvina"
"841","alyce"
"842","alycia"
"843","alys"
"844","alysa"
"845","alyse"
"846","alysha"
"847","alysia"
"848","alyson"
"849","alyssa"
"850","alyssia"
"851","alyx"
"852","amabel"
"853","amabilis"
"854","amalia"
"855","amanda"
"856","amandus"
"857","amber"
"858","ambrose"
"859","ambrosine"
"860","amelia"
"861","america"
"862","amerigo"
"863","amery"
"864","amethyst"
"865","ami "
"866","amias"
"867","amie"
"868","amilia"
"869","amis"
"870","amity"
"871","amos"
"872","amy"
"873","amyas"
"874","ana"
"875","anacletus"
"876","anastacia"
"877","anastasia"
"878","anastasius"
"879","anderson"
"880","andi"
"881","andie"
"882","andra"
"883","andre"
"884","andrea "
"885","andrew"
"886","andriana"
"887","andrina"
"888","andy"
"889","anemone"
"890","angel"
"891","angela"
"892","angelia"
"893","angelica"
"894","angelina"
"895","angelle"
"896","angelo"
"897","angie"
"898","angus"
"899","anima "
"900","anise"
"901","anissa"
"902","anita"
"903","anjelica"
"904","ann"
"905","anna"
"906","annabel"
"907","annabella"
"908","annabelle"
"909","annabeth"
"910","annalee"
"911","anne "
"912","anneka"
"913","annette"
"914","annice"
"915","annie"
"916","annika"
"917","annis"
"918","annmarie"
"919","annora"
"920","anona"
"921","ansel"
"922","anselm"
"923","anselma"
"924","ansley"
"925","anson"
"926","anthony"
"927","antoine"
"928","antonette"
"929","antonia"
"930","antonina"
"931","antony"
"932","antwan"
"933","aonghus"
"934","april"
"935","arabella"
"936","araminta"
"937","archibald"
"938","archie"
"939","arden"
"940","aretha"
"941","aria"
"942","ariana"
"943","ariane"
"944","arianna"
"945","aric"
"946","ariel"
"947","ariella"
"948","arienne"
"949","arin"
"950","arleen"
"951","arlen"
"952","arlene"
"953","arlie"
"954","arline"
"955","arn"
"956","arnie"
"957","arnold"
"958","arron"
"959","art"
"960","arthur"
"961","arvel"
"962","arwel"
"963","aryana"
"964","ash"
"965","asher"
"966","ashlea"
"967","ashlee"
"968","ashleigh"
"969","ashley"
"970","ashlie"
"971","ashlyn"
"972","ashlynn"
"973","ashton"
"974","asia "
"975","aspen"
"976","aston"
"977","astor"
"978","astra"
"979","auberon"
"980","aubree"
"981","aubrey"
"982","aubrie"
"983","audie"
"984","audley"
"985","audo"
"986","audra "
"987","audrea"
"988","audrey"
"989","august"
"990","augusta"
"991","augustine "
"992","augustus"
"993","aura"
"994","aureole"
"995","aurora"
"996","austen"
"997","austin"
"998","austyn"
"999","autumn"
"1000","ava "
"1001","avaline"
"1002","avalon"
"1003","aveline"
"1004","averill"
"1005","avery"
"1006","avice"
"1007","avila"
"1008","avis"
"1009","avril"
"1010","aydan"
"1011","ayden"
"1012","aylmer"
"1013","azalea"
"1014","azura"
"1015","azure"
"1016","babs"
"1017","bailee"
"1018","bailey"
"1019","bairre"
"1020","baldric"
"1021","baldwin"
"1022","balfour"
"1023","bambi"
"1024","barb"
"1025","barbara"
"1026","barbie"
"1027","barbra"
"1028","barclay"
"1029","barnabas"
"1030","barnaby"
"1031","barney"
"1032","barret"
"1033","barrett"
"1034","barrie"
"1035","barry"
"1036","bart"
"1037","bartholomew"
"1038","basil "
"1039","baxter"
"1040","baylee"
"1041","bea"
"1042","beatrice"
"1043","beatrix"
"1044","beau"
"1045","beaumont"
"1046","beauregard"
"1047","becca"
"1048","becci"
"1049","becka"
"1050","beckah"
"1051","becky"
"1052","bedelia"
"1053","bee"
"1054","bekki"
"1055","belinda"
"1056","bella"
"1057","belle"
"1058","ben "
"1059","benedict"
"1060","benj"
"1061","benjamin"
"1062","benji"
"1063","benjy"
"1064","bennett"
"1065","bennie"
"1066","benny"
"1067","benson"
"1068","bentley"
"1069","benton"
"1070","berenice"
"1071","bernadette"
"1072","bernadine"
"1073","bernard"
"1074","bernetta"
"1075","bernice"
"1076","bernie"
"1077","berniece"
"1078","berny"
"1079","berry "
"1080","bert"
"1081","bertha"
"1082","bertie"
"1083","bertina"
"1084","bertram"
"1085","bertrand"
"1086","beryl"
"1087","bess"
"1088","bessie"
"1089","beth"
"1090","bethanie"
"1091","bethany"
"1092","bethney"
"1093","betony"
"1094","betsy"
"1095","bette"
"1096","bettie"
"1097","betty"
"1098","bettye"
"1099","beulah"
"1100","bev"
"1101","beverley"
"1102","beverly"
"1103","bevis"
"1104","biddy"
"1105","biff"
"1106","bill"
"1107","billie"
"1108","billy"
"1109","bindy"
"1110","bishop"
"1111","blaine"
"1112","blair"
"1113","blaise"
"1114","blake"
"1115","blanch"
"1116","blanche"
"1117","blaze"
"1118","blondie"
"1119","blossom"
"1120","blythe"
"1121","bob"
"1122","bobbi"
"1123","bobbie"
"1124","bobby"
"1125","boniface"
"1126","bonita"
"1127","bonnie"
"1128","booker"
"1129","boyce"
"1130","brad"
"1131","braden"
"1132","bradford"
"1133","bradley"
"1134","brady"
"1135","braeden"
"1136","braelyn"
"1137","braiden"
"1138","braidy"
"1139","bram"
"1140","bran "
"1141","brand"
"1142","branda"
"1143","brande"
"1144","brandee"
"1145","branden"
"1146","brandi"
"1147","brandie"
"1148","brandon"
"1149","brandt"
"1150","brandy"
"1151","brannon"
"1152","branson"
"1153","brant"
"1154","braxton"
"1155","brayden"
"1156","breana"
"1157","breann"
"1158","breanna"
"1159","breanne"
"1160","brenda"
"1161","brendan"
"1162","brenden"
"1163","brendon"
"1164","brenna"
"1165","brennan"
"1166","brent"
"1167","brenton"
"1168","bret"
"1169","brett"
"1170","brian"
"1171","briana"
"1172","brianna"
"1173","brianne"
"1174","briar"
"1175","brice"
"1176","bridger"
"1177","bridget"
"1178","bridgette"
"1179","brielle"
"1180","brigham"
"1181","brion"
"1182","briony"
"1183","briscoe"
"1184","bristol"
"1185","britannia"
"1186","britney"
"1187","brittani"
"1188","brittania"
"1189","brittany"
"1190","brittney"
"1191","brittny"
"1192","britton"
"1193","brock"
"1194","brodie"
"1195","brody"
"1196","bronte"
"1197","brook"
"1198","brooke"
"1199","brooklyn"
"1200","brooklynn"
"1201","brooks"
"1202","bruce"
"1203","bryan"
"1204","bryana"
"1205","bryanna"
"1206","bryanne"
"1207","bryant"
"1208","bryce"
"1209","bryn"
"1210","brynn"
"1211","brynne"
"1212","bryon"
"1213","bryony"
"1214","bryson"
"1215","buck"
"1216","bud"
"1217","buddy"
"1218","buffy"
"1219","bunny"
"1220","burgundy"
"1221","burke"
"1222","burt"
"1223","burton"
"1224","buster"
"1225","byrne"
"1226","byron"
"1227","bysshe"
"1228","cade"
"1229","caden"
"1230","cadence"
"1231","caelan"
"1232","caelestinus"
"1233","caelestis"
"1234","caelie"
"1235","caelius"
"1236","caetlin"
"1237","cailean"
"1238","caileigh"
"1239","cailin"
"1240","cailyn"
"1241","cairo"
"1242","caitlin"
"1243","caitlyn"
"1244","cal"
"1245","calanthe"
"1246","calanthia"
"1247","cale"
"1248","caleb"
"1249","caleigh"
"1250","calista"
"1251","calla"
"1252","callahan"
"1253","calleigh"
"1254","callie"
"1255","callista"
"1256","callistus"
"1257","calvin"
"1258","cam "
"1259","camden"
"1260","camellia"
"1261","cameron"
"1262","camilla"
"1263","camillus"
"1264","cammie"
"1265","camron"
"1266","camryn"
"1267","candace"
"1268","candi"
"1269","candice"
"1270","candida"
"1271","candis"
"1272","candy"
"1273","candyce"
"1274","caoilfhionn"
"1275","caprice"
"1276","capricia"
"1277","cara"
"1278","careen"
"1279","caren"
"1280","carey"
"1281","cari"
"1282","carina "
"1283","caris"
"1284","carissa"
"1285","carl"
"1286","carla"
"1287","carlene"
"1288","carleton"
"1289","carley"
"1290","carlie"
"1291","carlisa"
"1292","carlisle"
"1293","carlo"
"1294","carlos"
"1295","carlton"
"1296","carly"
"1297","carlyle"
"1298","carlyn"
"1299","carmel"
"1300","carmella"
"1301","carmen"
"1302","carol "
"1303","carolina"
"1304","caroline"
"1305","carolus"
"1306","carolyn"
"1307","carran"
"1308","carreen"
"1309","carrie"
"1310","carry"
"1311","carson"
"1312","carter"
"1313","carver"
"1314","cary"
"1315","caryl"
"1316","caryn"
"1317","casey"
"1318","cash"
"1319","casimir"
"1320","cass"
"1321","cassandra"
"1322","cassarah"
"1323","cassia"
"1324","cassidy"
"1325","cassie"
"1326","cassius"
"1327","cate"
"1328","caterina"
"1329","catharine"
"1330","catherin"
"1331","catherine"
"1332","cathleen"
"1333","cathryn"
"1334","cathy"
"1335","catrina"
"1336","catriona"
"1337","cayley"
"1338","ceadda"
"1339","ceallach"
"1340","ceara"
"1341","cearra"
"1342","cecelia"
"1343","cecil"
"1344","cecilia"
"1345","cecily"
"1346","cedar"
"1347","cedric"
"1348","celandine"
"1349","celeste"
"1350","celestine"
"1351","celia"
"1352","celinda"
"1353","chad"
"1354","chadwick"
"1355","chalice"
"1356","chance"
"1357","chandler"
"1358","chanel"
"1359","chanelle"
"1360","channing"
"1361","chantal"
"1362","chantel"
"1363","chantelle"
"1364","charis"
"1365","charisma"
"1366","charissa"
"1367","charisse"
"1368","charity"
"1369","charla"
"1370","charleen"
"1371","charlene"
"1372","charles"
"1373","charley"
"1374","charlie"
"1375","charlize"
"1376","charlotte"
"1377","charlton"
"1378","charmaine"
"1379","charmian"
"1380","charmion"
"1381","charnette"
"1382","chas"
"1383","chase"
"1384","chasity"
"1385","chastity"
"1386","chauncey"
"1387","chaz"
"1388","chelle"
"1389","chelsea"
"1390","chelsey"
"1391","chelsie"
"1392","cher"
"1393","cherette"
"1394","cheri"
"1395","cherice"
"1396","cherie"
"1397","cherilyn"
"1398","cherise"
"1399","cherish"
"1400","cherokee"
"1401","cherry"
"1402","cheryl"
"1403","chesley"
"1404","chester"
"1405","chet"
"1406","cheyanne"
"1407","cheyenne"
"1408","chiara"
"1409","chile"
"1410","china"
"1411","chip"
"1412","chloe"
"1413","chris"
"1414","chrissie"
"1415","chrissy"
"1416","christa"
"1417","christabel"
"1418","christabella"
"1419","christabelle"
"1420","christal"
"1421","christi"
"1422","christian"
"1423","christiana"
"1424","christianne"
"1425","christie "
"1426","christina"
"1427","christine"
"1428","christmas"
"1429","christobel"
"1430","christopher"
"1431","christos"
"1432","christy "
"1433","chrysanta"
"1434","chrystal"
"1435","chuck"
"1436","chyna"
"1437","cian"
"1438","ciar"
"1439","ciara "
"1440","cicely"
"1441","ciera"
"1442","cierra"
"1443","cindi"
"1444","cindra"
"1445","cindy"
"1446","cionaodh"
"1447","cissy"
"1448","clair"
"1449","claire"
"1450","clancy"
"1451","clara"
"1452","clare"
"1453","clarence"
"1454","clarette"
"1455","claribel"
"1456","clarice"
"1457","clarinda"
"1458","clarissa"
"1459","clarity"
"1460","clark"
"1461","claud"
"1462","claude"
"1463","claudia"
"1464","claudius"
"1465","clay"
"1466","clayton"
"1467","clem"
"1468","clematis"
"1469","clemence"
"1470","clemency"
"1471","clement"
"1472","cleo"
"1473","cleopatra"
"1474","cletis"
"1475","cletus"
"1476","cleve"
"1477","cleveland"
"1478","cliff"
"1479","clifford"
"1480","clifton"
"1481","clint"
"1482","clinton"
"1483","clive"
"1484","clotilda"
"1485","clotilde"
"1486","clover"
"1487","clyde"
"1488","coby"
"1489","codie"
"1490","cody"
"1491","coinneach"
"1492","colbert"
"1493","colby"
"1494","cole"
"1495","coleen"
"1496","coleman"
"1497","colene"
"1498","colin "
"1499","colleen"
"1500","collin"
"1501","collyn"
"1502","colten"
"1503","colton"
"1504","columba"
"1505","columbine"
"1506","comfort"
"1507","conall"
"1508","connell"
"1509","conner"
"1510","connie"
"1511","connor"
"1512","conor"
"1513","conrad"
"1514","constance"
"1515","constant"
"1516","constantia"
"1517","conway"
"1518","cooper"
"1519","cora"
"1520","coral"
"1521","corbin"
"1522","cordelia"
"1523","cordell"
"1524","coreen"
"1525","coretta"
"1526","corey"
"1527","cori"
"1528","coriander"
"1529","corie"
"1530","corina"
"1531","corine"
"1532","corinna"
"1533","corinne"
"1534","cornelia"
"1535","cornelius"
"1536","cornell"
"1537","corrie"
"1538","corrina"
"1539","corrine"
"1540","cortney"
"1541","corwin"
"1542","cory"
"1543","corynn"
"1544","cosmas"
"1545","cosmo"
"1546","coty"
"1547","courtney"
"1548","craig"
"1549","crawford"
"1550","cree"
"1551","creighton"
"1552","crispian"
"1553","crispin"
"1554","crispus"
"1555","cristal"
"1556","cristen"
"1557","crofton"
"1558","crystal"
"1559","cullen"
"1560","curt"
"1561","curtis"
"1562","custodia"
"1563","cuthbert"
"1564","cy"
"1565","cyan"
"1566","cybill"
"1567","cydney"
"1568","cymone"
"1569","cyndi"
"1570","cyneburga"
"1571","cynefri&eth;"
"1572","cynthia"
"1573","cyril"
"1574","cyrilla"
"1575","cyrus"
"1576","dacre"
"1577","daffodil"
"1578","dahlia"
"1579","daisy"
"1580","dakota"
"1581","dale"
"1582","daley"
"1583","dalia "
"1584","dallas"
"1585","dalton"
"1586","daly"
"1587","damian"
"1588","damion"
"1589","damon"
"1590","dan "
"1591","dana "
"1592","dane"
"1593","danette"
"1594","dani "
"1595","danica"
"1596","daniel"
"1597","daniela"
"1598","daniella"
"1599","danielle"
"1600","danika"
"1601","danita"
"1602","danna"
"1603","danni"
"1604","dannie"
"1605","danny"
"1606","dante"
"1607","daphne"
"1608","daquan"
"1609","darby"
"1610","darcey"
"1611","darcy"
"1612","darden"
"1613","darell"
"1614","daren"
"1615","daria"
"1616","darian"
"1617","darien"
"1618","darin"
"1619","darion"
"1620","darius"
"1621","darla"
"1622","darleen"
"1623","darlene"
"1624","darnell"
"1625","darrel"
"1626","darrell"
"1627","darren"
"1628","darrin"
"1629","darryl"
"1630","darwin"
"1631","daryl"
"1632","dashiell"
"1633","dave"
"1634","davena"
"1635","davey"
"1636","david"
"1637","davida"
"1638","davie"
"1639","davin"
"1640","davina"
"1641","davinia"
"1642","davis"
"1643","davy"
"1644","dawn"
"1645","dawson"
"1646","dax"
"1647","dayna"
"1648","dayton"
"1649","deacon"
"1650","dean"
"1651","deana"
"1652","deandre"
"1653","deangelo"
"1654","deanna"
"1655","deanne"
"1656","deb"
"1657","debbi"
"1658","debbie"
"1659","debby"
"1660","debi"
"1661","deborah"
"1662","debra"
"1663","dedrick"
"1664","dee"
"1665","deeann"
"1666","deemer"
"1667","deena"
"1668","deforest"
"1669","deforrest"
"1670","deidra"
"1671","deidre"
"1672","deion"
"1673","deirdre"
"1674","deitra"
"1675","delaney"
"1676","delano"
"1677","delbert"
"1678","delia "
"1679","delice"
"1680","delicia"
"1681","delight"
"1682","delilah"
"1683","dell"
"1684","della"
"1685","delma"
"1686","delmar"
"1687","delora"
"1688","delores"
"1689","deloris"
"1690","delphia"
"1691","delroy"
"1692","delta"
"1693","demelza"
"1694","den"
"1695","dena"
"1696","dene"
"1697","denholm"
"1698","denice"
"1699","deniece"
"1700","denis"
"1701","denise"
"1702","dennis"
"1703","denny"
"1704","denton"
"1705","denver"
"1706","denzel"
"1707","denzil"
"1708","deon"
"1709","deonne"
"1710","deonte"
"1711","derby"
"1712","derek"
"1713","derick"
"1714","derren"
"1715","derrick"
"1716","derryl"
"1717","deryck"
"1718","des"
"1719","deshaun"
"1720","deshawn"
"1721","desirae"
"1722","desiree"
"1723","desmond"
"1724","destinee"
"1725","destiny"
"1726","detta"
"1727","devan"
"1728","deven"
"1729","devereux"
"1730","devin"
"1731","devon"
"1732","devyn"
"1733","dewayne"
"1734","dexter"
"1735","deziree"
"1736","di"
"1737","diamond"
"1738","diana"
"1739","diane"
"1740","diann"
"1741","dianna"
"1742","dianne"
"1743","diantha"
"1744","diarmaid"
"1745","dick "
"1746","diederik"
"1747","dietrich"
"1748","digby"
"1749","diggory"
"1750","dillon"
"1751","dina"
"1752","dinah"
"1753","dion"
"1754","dione "
"1755","dionne"
"1756","dionysios"
"1757","dionysius"
"1758","dirk"
"1759","divina"
"1760","dixie"
"1761","dixon"
"1762","docia"
"1763","dodie"
"1764","dollie"
"1765","dolly"
"1766","dolores"
"1767","dolph"
"1768","dom"
"1769","domenic"
"1770","dominic"
"1771","dominica"
"1772","dominick"
"1773","don"
"1774","dona"
"1775","donald"
"1776","donelle"
"1777","donna"
"1778","donnie"
"1779","donny"
"1780","donovan"
"1781","dora"
"1782","doreen"
"1783","doretta"
"1784","doria"
"1785","dorian"
"1786","dorinda"
"1787","dorine"
"1788","doris"
"1789","dorita"
"1790","dorothea"
"1791","dorothy"
"1792","dorris"
"1793","dortha"
"1794","dorthy"
"1795","dory"
"1796","dot"
"1797","dottie"
"1798","dotty"
"1799","doug"
"1800","douglas"
"1801","drake"
"1802","dre"
"1803","drea"
"1804","dreda"
"1805","drew"
"1806","drina"
"1807","driscoll"
"1808","driskoll"
"1809","drogo"
"1810","drummond"
"1811","drust"
"1812","duana"
"1813","duane"
"1814","dudley"
"1815","duke"
"1816","dulcibella"
"1817","dulcie"
"1818","duncan"
"1819","dunstan"
"1820","durward"
"1821","dustin"
"1822","dusty"
"1823","dwain"
"1824","dwayne"
"1825","dwight"
"1826","dyan"
"1827","dye"
"1828","dylan"
"1829","dyson"
"1830","ealdgy&eth;"
"1831","earl"
"1832","earle"
"1833","earleen"
"1834","earlene"
"1835","earline"
"1836","earnest"
"1837","earnestine"
"1838","eartha"
"1839","easter"
"1840","ebba "
"1841","eben"
"1842","ebenezer"
"1843","ebony"
"1844","ed"
"1845","eddie"
"1846","eddy"
"1847","edelmira"
"1848","eden"
"1849","edgar"
"1850","edie"
"1851","edison"
"1852","edith"
"1853","edmund"
"1854","edna "
"1855","edric"
"1856","edward"
"1857","edweena"
"1858","edwena"
"1859","edwin"
"1860","edwina"
"1861","edwyn"
"1862","edwyna"
"1863","edytha"
"1864","edythe"
"1865","effie "
"1866","egbert"
"1867","eglantine"
"1868","eileen"
"1869","eireann"
"1870","eithne"
"1871","elaine"
"1872","eldon"
"1873","eldred"
"1874","elea"
"1875","eleanor"
"1876","eleanora"
"1877","eleanore"
"1878","elenora"
"1879","eleonor"
"1880","elfleda"
"1881","elfreda"
"1882","elfrida"
"1883","elfrieda"
"1884","eli "
"1885","eliana "
"1886","elias"
"1887","elicia"
"1888","elihu"
"1889","elijah"
"1890","elinor"
"1891","eliot"
"1892","eliott"
"1893","elisa"
"1894","elisabet"
"1895","elisabeth"
"1896","elisabetta"
"1897","elise"
"1898","elissa "
"1899","eliza"
"1900","elizabeth"
"1901","ella "
"1902","elle"
"1903","ellen "
"1904","ellery"
"1905","ellie"
"1906","elliot"
"1907","elliott"
"1908","ellis "
"1909","elly"
"1910","elmer"
"1911","elmira"
"1912","elmo"
"1913","elnora"
"1914","eloise"
"1915","elouise"
"1916","elroy"
"1917","elsa"
"1918","elsabeth"
"1919","elsdon"
"1920","elsie"
"1921","elton"
"1922","elvin"
"1923","elvina"
"1924","elvis"
"1925","elwin"
"1926","elwood"
"1927","elwyn"
"1928","ely"
"1929","elyse"
"1930","elyzabeth"
"1931","em"
"1932","emalee"
"1933","emelia"
"1934","emely"
"1935","emerald"
"1936","emerson"
"1937","emery"
"1938","emil"
"1939","emilee"
"1940","emilia"
"1941","emilie"
"1942","emily"
"1943","emma"
"1944","emmaline"
"1945","emmanuel"
"1946","emmeline"
"1947","emmerich"
"1948","emmerson"
"1949","emmet"
"1950","emmett"
"1951","emmie"
"1952","emmy"
"1953","emory"
"1954","enola"
"1955","eoforhild"
"1956","eoforwine"
"1957","epiphany"
"1958","eppie"
"1959","erastus"
"1960","eric"
"1961","erica"
"1962","erick"
"1963","ericka"
"1964","erik"
"1965","erika"
"1966","erin"
"1967","erle "
"1968","erma"
"1969","ermendrud"
"1970","ermintrude"
"1971","ern"
"1972","ernest"
"1973","ernestine"
"1974","ernie"
"1975","errol"
"1976","erskine"
"1977","erykah"
"1978","eryn"
"1979","esmaralda"
"1980","esme"
"1981","esmeralda"
"1982","esmond"
"1983","esmund"
"1984","essence"
"1985","essie"
"1986","esta"
"1987","estella"
"1988","estelle"
"1989","esther"
"1990","ethan"
"1991","ethel"
"1992","ethelbert"
"1993","etheldreda"
"1994","ethelinda"
"1995","ethelred"
"1996","ethelyn"
"1997","etta"
"1998","ettie"
"1999","eugene"
"2000","eugenia"
"2001","eula"
"2002","eulalia"
"2003","eunice"
"2004","euphemia"
"2005","eustace"
"2006","eustacia"
"2007","eva"
"2008","evaline"
"2009","evalyn"
"2010","evan"
"2011","evander "
"2012","evangelina"
"2013","evangeline"
"2014","eve"
"2015","eveleen"
"2016","evelina"
"2017","eveline"
"2018","evelyn"
"2019","everard"
"2020","everett"
"2021","everette"
"2022","everitt"
"2023","evette"
"2024","evie"
"2025","evonne"
"2026","evvie"
"2027","ewart"
"2028","ezekiel"
"2029","ezra"
"2030","fae"
"2031","faith"
"2032","faithe"
"2033","fallon"
"2034","fancy"
"2035","fannie"
"2036","fanny"
"2037","farley"
"2038","faron"
"2039","farran"
"2040","farrell"
"2041","fawn"
"2042","fay"
"2043","faye"
"2044","fearghal"
"2045","felicia"
"2046","felicity"
"2047","felix"
"2048","femie"
"2049","fenton"
"2050","ferdie"
"2051","ferdinand"
"2052","ferdy"
"2053","fern"
"2054","ferne"
"2055","fidelma"
"2056","finnegan"
"2057","finola"
"2058","fitz"
"2059","fitzroy"
"2060","flanagan"
"2061","flann"
"2062","flannery"
"2063","fletcher"
"2064","fleur"
"2065","fleurette"
"2066","flick"
"2067","flo"
"2068","floella"
"2069","flora"
"2070","florence"
"2071","floretta"
"2072","florrie"
"2073","flossie"
"2074","flower"
"2075","floyd"
"2076","flynn"
"2077","ford"
"2078","forest"
"2079","forrest"
"2080","fortune"
"2081","foster"
"2082","fox"
"2083","fran"
"2084","francene"
"2085","frances"
"2086","francine"
"2087","francis"
"2088","frank "
"2089","frankie"
"2090","franklin"
"2091","franklyn"
"2092","frannie"
"2093","franny"
"2094","fraser"
"2095","frazier"
"2096","fred"
"2097","freda"
"2098","freddie"
"2099","freddy"
"2100","frederica"
"2101","frederick"
"2102","frederico"
"2103","fredrick"
"2104","freeman"
"2105","frida"
"2106","frieda"
"2107","frona"
"2108","fulk"
"2109","fulke"
"2110","fulton"
"2111","gabby"
"2112","gabe"
"2113","gabriel"
"2114","gabriella"
"2115","gabrielle"
"2116","gae"
"2117","gaenor"
"2118","gage"
"2119","gail"
"2120","gaila"
"2121","gale "
"2122","galen"
"2123","gallagher"
"2124","gardenia"
"2125","gareth"
"2126","garey"
"2127","garfield"
"2128","garland"
"2129","garnet "
"2130","garnett"
"2131","garnette"
"2132","garret"
"2133","garrett"
"2134","garrick"
"2135","garry"
"2136","garth"
"2137","gary"
"2138","gavin"
"2139","gawain"
"2140","gay"
"2141","gaye "
"2142","gayelord"
"2143","gayla"
"2144","gayle"
"2145","gaylord"
"2146","gaynor"
"2147","gebhard"
"2148","geena"
"2149","geffrey"
"2150","gemma"
"2151","gena "
"2152","gene"
"2153","genesis"
"2154","genette"
"2155","geneva"
"2156","genevieve"
"2157","genie"
"2158","genoveva"
"2159","geoff"
"2160","geoffrey"
"2161","geordie"
"2162","george"
"2163","georgeanna"
"2164","georgene"
"2165","georgia"
"2166","georgiana"
"2167","georgie"
"2168","georgina"
"2169","georgine"
"2170","gerald"
"2171","geraldine"
"2172","gerard"
"2173","germain"
"2174","german "
"2175","germanus"
"2176","gerrard"
"2177","gerry"
"2178","gertie"
"2179","gertrude"
"2180","gervais"
"2181","gervase"
"2182","gervasius"
"2183","giannina"
"2184","gib"
"2185","gideon"
"2186","giffard"
"2187","gil "
"2188","gilbert"
"2189","giles"
"2190","gill"
"2191","gillian"
"2192","gina"
"2193","ginger"
"2194","ginnie"
"2195","ginny"
"2196","giselle"
"2197","gisselle"
"2198","githa"
"2199","giulietta"
"2200","gladwin"
"2201","gladwyn"
"2202","gladys"
"2203","glanville"
"2204","glen"
"2205","glenda"
"2206","glenn"
"2207","glenna"
"2208","gloria"
"2209","gloriana"
"2210","glory"
"2211","goddard"
"2212","godfrey"
"2213","godwine"
"2214","goldie "
"2215","goodwin"
"2216","gord"
"2217","gorden"
"2218","gordie"
"2219","gordon"
"2220","gordy"
"2221","gore"
"2222","gosse"
"2223","gotahard"
"2224","grace"
"2225","gracie"
"2226","grady"
"2227","graeme"
"2228","graham"
"2229","grahame"
"2230","grant"
"2231","granville"
"2232","gray"
"2233","grayson"
"2234","greer"
"2235","greg"
"2236","gregg"
"2237","gregor"
"2238","gregory"
"2239","grenville"
"2240","gresham"
"2241","greta"
"2242","gretchen"
"2243","gretta"
"2244","grey"
"2245","greyson"
"2246","grier"
"2247","griffin"
"2248","griselda"
"2249","grosvenor"
"2250","grover"
"2251","gruffudd"
"2252","guendolen"
"2253","guinevere"
"2254","gumarich"
"2255","gus "
"2256","gussie"
"2257","guy"
"2258","gwen"
"2259","gwenda"
"2260","gwendolen"
"2261","gwendoline"
"2262","gwendolyn"
"2263","gwenevere"
"2264","gwenfrewi"
"2265","gwynedd"
"2266","gwyneth"
"2267","gyles"
"2268","gypsy"
"2269","gytha"
"2270","hadley"
"2271","hadrian"
"2272","hadyn"
"2273","hailee"
"2274","hailey"
"2275","hailie"
"2276","haimo"
"2277","hal"
"2278","hale"
"2279","haleigh"
"2280","haley"
"2281","hall"
"2282","hallam"
"2283","halle "
"2284","hallie"
"2285","hamilton"
"2286","hammond"
"2287","hamnet"
"2288","hamo"
"2289","hamon"
"2290","hank"
"2291","hannah"
"2292","happy"
"2293","harding"
"2294","hardy"
"2295","harlan"
"2296","harland"
"2297","harley"
"2298","harmon"
"2299","harmonie"
"2300","harmony"
"2301","harold"
"2302","harper"
"2303","harriet"
"2304","harriett"
"2305","harrietta"
"2306","harriette"
"2307","harris"
"2308","harrison"
"2309","harry"
"2310","hartley"
"2311","harve"
"2312","harvey"
"2313","harvie"
"2314","hattie"
"2315","hatty"
"2316","haven"
"2317","hayden"
"2318","haydn"
"2319","haylee"
"2320","hayleigh"
"2321","hayley"
"2322","haylie"
"2323","haywood"
"2324","haze"
"2325","hazel"
"2326","headley"
"2327","heath"
"2328","heather"
"2329","heaven"
"2330","hector"
"2331","hedley"
"2332","heidi"
"2333","helen"
"2334","helena"
"2335","hellen"
"2336","henderson"
"2337","henrietta"
"2338","henriette"
"2339","henry"
"2340","hephzibah"
"2341","hepsie"
"2342","herb"
"2343","herbert"
"2344","herbie"
"2345","herman"
"2346","hervey"
"2347","hester"
"2348","hettie"
"2349","hewie"
"2350","hilaria"
"2351","hilarius"
"2352","hilary"
"2353","hilda"
"2354","hildebert"
"2355","hildred"
"2356","hillary"
"2357","hiram"
"2358","holden"
"2359","hollie"
"2360","hollis"
"2361","holly"
"2362","homer"
"2363","honey"
"2364","honor"
"2365","honora"
"2366","honoria"
"2367","honour"
"2368","hope"
"2369","horace"
"2370","horatio"
"2371","horatius"
"2372","hortense"
"2373","hortensia"
"2374","howard"
"2375","howie"
"2376","hoyt"
"2377","hristina"
"2378","hubert"
"2379","hudson"
"2380","huey"
"2381","hugh"
"2382","hughie"
"2383","hugo"
"2384","humbert"
"2385","humphrey"
"2386","humphry"
"2387","hunter"
"2388","hyacinth "
"2389","hylda"
"2390","hyram"
"2391","ian"
"2392","ibbie"
"2393","ida"
"2394","idella"
"2395","idelle"
"2396","idonea"
"2397","idony"
"2398","iesha"
"2399","i&eth;unn"
"2400","iggy"
"2401","ignatius"
"2402","ike"
"2403","ilbert"
"2404","ilean"
"2405","ileen"
"2406","ilene"
"2407","imogen"
"2408","imogene"
"2409","ina"
"2410","india"
"2411","indiana"
"2412","indigo"
"2413","inez"
"2414","ingram"
"2415","inigo"
"2416","iomhar"
"2417","iona "
"2418","ione"
"2419","ira "
"2420","ireland"
"2421","irene"
"2422","iris"
"2423","irma"
"2424","irvin"
"2425","irvine"
"2426","irving"
"2427","irwin"
"2428","isaac"
"2429","isabel"
"2430","isabella"
"2431","isabelle"
"2432","isador"
"2433","isadora"
"2434","isadore"
"2435","isaiah"
"2436","isbel"
"2437","isebella"
"2438","isiah"
"2439","isidora"
"2440","isidore"
"2441","isis"
"2442","isolde"
"2443","israel"
"2444","issac"
"2445","issy"
"2446","ivan"
"2447","ivonette"
"2448","ivor"
"2449","ivory"
"2450","ivy"
"2451","izabelle"
"2452","izzy"
"2453","jaci"
"2454","jacinda"
"2455","jacinta"
"2456","jacinth"
"2457","jack"
"2458","jackalyn"
"2459","jacki"
"2460","jackie"
"2461","jacklyn"
"2462","jackson"
"2463","jaclyn"
"2464","jacob"
"2465","jacqueline"
"2466","jacquelyn"
"2467","jacques"
"2468","jacquetta"
"2469","jacqui"
"2470","jada "
"2471","jade"
"2472","jaden"
"2473","jadyn"
"2474","jae"
"2475","jaida"
"2476","jaiden"
"2477","jaime "
"2478","jaimie"
"2479","jake"
"2480","jaki"
"2481","jakki"
"2482","jalen"
"2483","jamaar"
"2484","jamal"
"2485","jamar"
"2486","james"
"2487","jamey"
"2488","jami"
"2489","jamie"
"2490","jamison"
"2491","jan "
"2492","janae"
"2493","jancis"
"2494","jane"
"2495","janeka"
"2496","janel"
"2497","janele"
"2498","janella"
"2499","janelle"
"2500","janene"
"2501","janessa"
"2502","janet"
"2503","janetta"
"2504","janette"
"2505","janey"
"2506","janice"
"2507","janie"
"2508","janine"
"2509","janis "
"2510","janna"
"2511","jannah"
"2512","jannette"
"2513","jannine"
"2514","jaquan"
"2515","jaqueline"
"2516","jaquelyn"
"2517","jared"
"2518","jarod"
"2519","jaron"
"2520","jarred"
"2521","jarrett"
"2522","jarrod"
"2523","jarvis"
"2524","jaslyn"
"2525","jasmin "
"2526","jasmine"
"2527","jasmyn"
"2528","jason"
"2529","jasper"
"2530","jaxon"
"2531","jay "
"2532","jaycob"
"2533","jayda"
"2534","jayde"
"2535","jayden"
"2536","jaydon"
"2537","jaye"
"2538","jayla"
"2539","jaylee"
"2540","jaylen"
"2541","jaylin"
"2542","jaylon"
"2543","jaylyn"
"2544","jayma"
"2545","jayme"
"2546","jaymes"
"2547","jayna"
"2548","jayne"
"2549","jaynie"
"2550","jayson"
"2551","jazlyn"
"2552","jazmin"
"2553","jazmine"
"2554","jazmyn"
"2555","jean "
"2556","jeana"
"2557","jeane"
"2558","jeanette"
"2559","jeanie"
"2560","jeanine"
"2561","jeanna"
"2562","jeanne"
"2563","jeannette"
"2564","jeannie"
"2565","jeannine"
"2566","jeb"
"2567","jed"
"2568","jedidiah"
"2569","jeff"
"2570","jefferson"
"2571","jeffery"
"2572","jeffrey"
"2573","jeffry"
"2574","jem"
"2575","jemima"
"2576","jemma"
"2577","jemmy"
"2578","jen"
"2579","jena"
"2580","jenae"
"2581","jenelle"
"2582","jenessa"
"2583","jeni"
"2584","jenifer"
"2585","jenn"
"2586","jenna"
"2587","jenni "
"2588","jennica"
"2589","jennie"
"2590","jennifer"
"2591","jenny"
"2592","jep"
"2593","jephthah"
"2594","jepson"
"2595","jeptha"
"2596","jerald"
"2597","jere"
"2598","jeremiah"
"2599","jeremy"
"2600","jeri"
"2601","jermaine"
"2602","jerold"
"2603","jerome"
"2604","jerrard"
"2605","jerred"
"2606","jerri"
"2607","jerrie"
"2608","jerrod"
"2609","jerrold"
"2610","jerry"
"2611","jervis"
"2612","jess"
"2613","jessa"
"2614","jessalyn"
"2615","jessamine"
"2616","jessamyn"
"2617","jesse"
"2618","jessi"
"2619","jessica"
"2620","jessie "
"2621","jessika"
"2622","jessye"
"2623","jett"
"2624","jewel"
"2625","jewell"
"2626","jill"
"2627","jillian"
"2628","jillie"
"2629","jilly"
"2630","jim"
"2631","jimi"
"2632","jimmie"
"2633","jimmy"
"2634","jinny"
"2635","jo"
"2636","joan "
"2637","joandra"
"2638","joanie"
"2639","joann"
"2640","joanna"
"2641","joanne"
"2642","job"
"2643","jobeth"
"2644","joby"
"2645","jocelin"
"2646","jocelyn"
"2647","jodene"
"2648","jodi"
"2649","jodie"
"2650","jody"
"2651","joe"
"2652","joel"
"2653","joella"
"2654","joelle"
"2655","joetta"
"2656","joey"
"2657","johanna"
"2658","john"
"2659","johna"
"2660","johnathan"
"2661","johnathon"
"2662","johnie"
"2663","johnna"
"2664","johnnie"
"2665","johnny"
"2666","joi"
"2667","joisse"
"2668","jojo"
"2669","joleen"
"2670","jolene"
"2671","jolie"
"2672","jolyon"
"2673","jon "
"2674","jonah"
"2675","jonathan"
"2676","jonathon"
"2677","jonelle"
"2678","jonette"
"2679","joni "
"2680","jonie"
"2681","jonny"
"2682","jonquil"
"2683","jonty"
"2684","jools"
"2685","jordan"
"2686","jordana"
"2687","jordon"
"2688","jordyn"
"2689","jorie"
"2690","jorja"
"2691","josceline"
"2692","joselyn"
"2693","joseph"
"2694","josepha"
"2695","josephina"
"2696","josephine"
"2697","josh"
"2698","joshua"
"2699","josiah"
"2700","josie"
"2701","joss"
"2702","josslyn"
"2703","joy"
"2704","joyce"
"2705","joye"
"2706","juana"
"2707","judas"
"2708","judd"
"2709","jude"
"2710","judi"
"2711","judie"
"2712","judith"
"2713","judy"
"2714","jules "
"2715","julia"
"2716","julian"
"2717","juliana"
"2718","julianna"
"2719","julianne"
"2720","julie"
"2721","juliet"
"2722","juliette"
"2723","julius"
"2724","july"
"2725","julyan"
"2726","june"
"2727","junior"
"2728","juniper"
"2729","justice"
"2730","justin"
"2731","justina"
"2732","justine"
"2733","justus"
"2734","justy"
"2735","kacey"
"2736","kacie"
"2737","kade"
"2738","kaden"
"2739","kae"
"2740","kaelea"
"2741","kaelee"
"2742","kaety"
"2743","kailee"
"2744","kailey"
"2745","kailyn"
"2746","kaitlin"
"2747","kaitlyn"
"2748","kaitlynn"
"2749","kaleb"
"2750","kaleigh"
"2751","kaley"
"2752","kalie"
"2753","kalisha"
"2754","kalla"
"2755","kallie"
"2756","kalyn"
"2757","kalysta"
"2758","kam"
"2759","kameron"
"2760","kamryn"
"2761","kandace"
"2762","kandi"
"2763","kara"
"2764","karaugh"
"2765","karen "
"2766","karena"
"2767","karenza"
"2768","karin"
"2769","karina"
"2770","karissa"
"2771","karl"
"2772","karlee"
"2773","karlene"
"2774","karly"
"2775","karolyn"
"2776","karrie"
"2777","karyn"
"2778","karyna"
"2779","kasandra"
"2780","kasey"
"2781","kassandra"
"2782","kassia"
"2783","kassidy"
"2784","kassy"
"2785","kat"
"2786","kate"
"2787","katee"
"2788","katelin"
"2789","katelyn"
"2790","katelynn"
"2791","katey"
"2792","katharina"
"2793","katharine"
"2794","katharyn"
"2795","katherina"
"2796","katherine"
"2797","katheryn"
"2798","katheryne"
"2799","kathi"
"2800","kathie"
"2801","kathleen"
"2802","kathlyn"
"2803","kathryn"
"2804","kathy"
"2805","katie"
"2806","katlyn"
"2807","katrina"
"2808","katriona"
"2809","katy"
"2810","kay "
"2811","kaycee"
"2812","kaye"
"2813","kayla "
"2814","kayleah"
"2815","kaylee"
"2816","kayleen"
"2817","kayleigh"
"2818","kayley"
"2819","kaylie"
"2820","kaylin"
"2821","kayly"
"2822","kaylyn"
"2823","kaylynn"
"2824","keanna"
"2825","keara"
"2826","keaton"
"2827","keefe"
"2828","keegan"
"2829","keeleigh"
"2830","keeley"
"2831","keely"
"2832","kegan"
"2833","keighley"
"2834","keila"
"2835","keir"
"2836","keira"
"2837","keiran"
"2838","keisha"
"2839","keith"
"2840","keitha"
"2841","kelcey"
"2842","kelia"
"2843","kelleigh"
"2844","kelley"
"2845","kelli"
"2846","kellie"
"2847","kelly"
"2848","kelsey"
"2849","kelsi"
"2850","kelsie"
"2851","kelvin"
"2852","kemp"
"2853","ken "
"2854","kendal"
"2855","kendall"
"2856","kendra"
"2857","kendrick"
"2858","kenelm"
"2859","kenith"
"2860","kennard"
"2861","kennedy"
"2862","kenneth"
"2863","kennith"
"2864","kenny"
"2865","kenrick"
"2866","kent"
"2867","kenton"
"2868","kenya "
"2869","kenyon"
"2870","kenzie"
"2871","kerena"
"2872","kerensa"
"2873","kerenza"
"2874","keri"
"2875","kermit"
"2876","kerr"
"2877","kerri"
"2878","kerrie"
"2879","kerry"
"2880","keshaun"
"2881","keshawn"
"2882","keshia"
"2883","kestrel"
"2884","kev"
"2885","kevin"
"2886","kevyn"
"2887","keysha"
"2888","keziah"
"2889","khloe"
"2890","kian"
"2891","kiana "
"2892","kiara"
"2893","kiaran"
"2894","kiarra"
"2895","kiefer"
"2896","kieran"
"2897","kierra"
"2898","kiersten"
"2899","kiki"
"2900","kiley"
"2901","kilie"
"2902","kim "
"2903","kimball"
"2904","kimberlee"
"2905","kimberleigh"
"2906","kimberley"
"2907","kimberly"
"2908","kimberlyn"
"2909","kimbra"
"2910","kimmie"
"2911","kimmy"
"2912","king"
"2913","kingsley"
"2914","kip"
"2915","kipling"
"2916","kira "
"2917","kirby"
"2918","kirk"
"2919","kirsten"
"2920","kisha"
"2921","kit"
"2922","kitty"
"2923","kizzie"
"2924","kizzy"
"2925","knox"
"2926","kodey"
"2927","kody"
"2928","kolby"
"2929","kole"
"2930","kolleen"
"2931","konnor"
"2932","korbin"
"2933","korey"
"2934","kori"
"2935","korrine"
"2936","kortney"
"2937","kory"
"2938","kourtney"
"2939","kris"
"2940","krista"
"2941","kristal"
"2942","kristeen"
"2943","kristel"
"2944","kristen "
"2945","kristi"
"2946","kristia"
"2947","kristian"
"2948","kristie"
"2949","kristin"
"2950","kristina"
"2951","kristoffer"
"2952","kristopher"
"2953","kristy"
"2954","krystal"
"2955","krystelle"
"2956","krysten"
"2957","krystina"
"2958","krystine"
"2959","krystle"
"2960","kurt"
"2961","kurtis"
"2962","kyla"
"2963","kyle"
"2964","kylee"
"2965","kyleigh"
"2966","kyler"
"2967","kylie"
"2968","kym"
"2969","kynaston"
"2970","kyra"
"2971","kyrsten"
"2972","lacey"
"2973","lacy"
"2974","ladonna"
"2975","lagina"
"2976","laila "
"2977","lainey"
"2978","laird"
"2979","lake"
"2980","lakeisha"
"2981","lakeshia"
"2982","lakisha"
"2983","lalage"
"2984","lallie"
"2985","lally"
"2986","lamar"
"2987","lambert"
"2988","lamont"
"2989","lana"
"2990","lance"
"2991","landon"
"2992","lane"
"2993","laney"
"2994","lanford"
"2995","langdon"
"2996","lanny"
"2997","lara"
"2998","laraine"
"2999","larisa"
"3000","larissa"
"3001","lark"
"3002","larkin"
"3003","larrie"
"3004","larry"
"3005","laryn"
"3006","lashawn"
"3007","lashay"
"3008","lashonda"
"3009","latanya"
"3010","latasha"
"3011","latisha"
"3012","latonya"
"3013","latoya"
"3014","laura"
"3015","lauraine"
"3016","laureen"
"3017","laurel"
"3018","laurelle"
"3019","lauren"
"3020","laurena"
"3021","laurence "
"3022","laurencia"
"3023","laurene"
"3024","lauressa"
"3025","lauretta"
"3026","laurie"
"3027","laurinda"
"3028","laurine"
"3029","laurissa"
"3030","lauryn"
"3031","lavena"
"3032","lavender"
"3033","lavern"
"3034","laverne"
"3035","lavina"
"3036","lavinia"
"3037","lavone"
"3038","lavonne"
"3039","lawanda"
"3040","lawrence"
"3041","lawrie"
"3042","lawson"
"3043","layla"
"3044","layne"
"3045","layton"
"3046","laz"
"3047","leah"
"3048","leann"
"3049","leanna"
"3050","leanne"
"3051","leanora"
"3052","leatrice"
"3053","lecia"
"3054","lee"
"3055","leeann"
"3056","leesa"
"3057","leigh"
"3058","leighton"
"3059","leila"
"3060","leilah"
"3061","leith"
"3062","lela"
"3063","leland"
"3064","lemoine"
"3065","len"
"3066","lena"
"3067","lenard"
"3068","lennard"
"3069","lennart"
"3070","lennie"
"3071","lennon"
"3072","lennox"
"3073","lenny"
"3074","lenora"
"3075","lenore"
"3076","lenox"
"3077","leo"
"3078","leofwine"
"3079","leola"
"3080","leon"
"3081","leona"
"3082","leonard"
"3083","leone "
"3084","leontyne"
"3085","leopold"
"3086","leroi"
"3087","leroy"
"3088","les"
"3089","lesia"
"3090","lesleigh"
"3091","lesley"
"3092","leslie"
"3093","lesly"
"3094","lessie"
"3095","lester"
"3096","leta"
"3097","letha"
"3098","letitia"
"3099","lettice"
"3100","lettie"
"3101","letty"
"3102","levi"
"3103","lewin"
"3104","lewis"
"3105","lex"
"3106","lexa"
"3107","lexi"
"3108","lexia"
"3109","lexie"
"3110","lexine"
"3111","lexus"
"3112","lexy"
"3113","leyla"
"3114","leyton"
"3115","liana"
"3116","lianne"
"3117","libby"
"3118","liberty"
"3119","liddy"
"3120","lilac"
"3121","lilian"
"3122","liliana"
"3123","lilibeth"
"3124","lillia"
"3125","lillian"
"3126","lillie"
"3127","lilly"
"3128","lily"
"3129","lina "
"3130","lincoln"
"3131","linda"
"3132","linden"
"3133","lindon"
"3134","lindsay"
"3135","lindsey"
"3136","lindsie"
"3137","lindy"
"3138","linette"
"3139","linford"
"3140","linnaea"
"3141","linnet"
"3142","linnette"
"3143","linnie"
"3144","linsay"
"3145","linsey"
"3146","linton"
"3147","linwood"
"3148","linzi"
"3149","lisa"
"3150","lise"
"3151","lisette"
"3152","lisha"
"3153","lissa"
"3154","lita"
"3155","livia "
"3156","livvy"
"3157","liz"
"3158","liza"
"3159","lizbeth"
"3160","lizette"
"3161","lizzie"
"3162","lizzy"
"3163","lloyd"
"3164","logan"
"3165","lois "
"3166","lola"
"3167","lolicia"
"3168","lon"
"3169","london"
"3170","lonnie"
"3171","lonny"
"3172","lora"
"3173","loraine"
"3174","lorainne"
"3175","lorayne"
"3176","loreen"
"3177","lorelle"
"3178","loren"
"3179","lorena "
"3180","lorene"
"3181","loretta"
"3182","lori"
"3183","lorie"
"3184","lorin"
"3185","lorinda"
"3186","lorn"
"3187","lorna"
"3188","lorne"
"3189","lorraine"
"3190","lorri"
"3191","lorrie"
"3192","lorrin"
"3193","lothar"
"3194","lottie"
"3195","lotus"
"3196","lou"
"3197","louella"
"3198","louie"
"3199","louis"
"3200","louisa"
"3201","louise"
"3202","love "
"3203","lovel"
"3204","lovell"
"3205","lowell"
"3206","loyd"
"3207","luana"
"3208","luann"
"3209","luanna"
"3210","luanne"
"3211","lucas"
"3212","lucetta"
"3213","lucia"
"3214","lucian"
"3215","lucianus"
"3216","lucile"
"3217","lucilla"
"3218","lucille"
"3219","lucinda"
"3220","lucius"
"3221","lucky"
"3222","lucy"
"3223","ludwig"
"3224","luella"
"3225","luigina"
"3226","luisa"
"3227","luke"
"3228","lula"
"3229","luned"
"3230","luther"
"3231","luvenia"
"3232","luvinia"
"3233","lyall"
"3234","lydia"
"3235","lyle"
"3236","lyn"
"3237","lynda"
"3238","lyndi"
"3239","lyndon"
"3240","lyndsay"
"3241","lyndsea"
"3242","lyndsey"
"3243","lynette"
"3244","lynn"
"3245","lynna"
"3246","lynne"
"3247","lynnette"
"3248","lynsay"
"3249","lynsey"
"3250","lynton"
"3251","lynwood"
"3252","lyric"
"3253","lysette"
"3254","lyssa"
"3255","mabel"
"3256","mabella"
"3257","mabelle"
"3258","mable"
"3259","macey"
"3260","macie"
"3261","mack"
"3262","mackenzie"
"3263","macy"
"3264","madalyn"
"3265","maddie"
"3266","maddison"
"3267","maddox"
"3268","maddy"
"3269","madelaine"
"3270","madeleine"
"3271","madelina"
"3272","madeline"
"3273","madelyn"
"3274","madge"
"3275","madison"
"3276","madisyn"
"3277","madlyn"
"3278","madoc"
"3279","madoline"
"3280","madonna"
"3281","madyson"
"3282","mae"
"3283","maegan"
"3284","maeghan"
"3285","magdalen"
"3286","magdalena"
"3287","magdalene"
"3288","maggie"
"3289","magnolia"
"3290","magnus"
"3291","mahala"
"3292","mahalah"
"3293","mahalath"
"3294","mahalia"
"3295","maia "
"3296","maitland"
"3297","major"
"3298","makayla"
"3299","makenna"
"3300","makenzie"
"3301","malachi"
"3302","malakai"
"3303","malandra"
"3304","malcolm"
"3305","malcom"
"3306","maleah"
"3307","malia"
"3308","malinda"
"3309","mallory"
"3310","malone"
"3311","malvina"
"3312","mamie"
"3313","mandi"
"3314","mandy"
"3315","manley"
"3316","manny"
"3317","mansel"
"3318","manuel"
"3319","maralyn"
"3320","marceline"
"3321","marcelyn"
"3322","marci"
"3323","marcia"
"3324","marcie"
"3325","marcius"
"3326","marcus"
"3327","marcy"
"3328","maree"
"3329","margaret"
"3330","margareta"
"3331","margaretha"
"3332","margaretta"
"3333","margarita"
"3334","marge"
"3335","margery"
"3336","margie"
"3337","margo"
"3338","margot"
"3339","maria"
"3340","mariabella"
"3341","mariah"
"3342","marian "
"3343","marianna"
"3344","marianne"
"3345","marie"
"3346","mariel"
"3347","marigold"
"3348","marilou"
"3349","marilyn"
"3350","marilynn"
"3351","marinda"
"3352","marion "
"3353","maris"
"3354","marisa"
"3355","marissa"
"3356","marje"
"3357","marjorie"
"3358","marjory"
"3359","mark"
"3360","marla"
"3361","marlee"
"3362","marleen"
"3363","marlena"
"3364","marlene"
"3365","marley"
"3366","marlin"
"3367","marlon"
"3368","marlowe"
"3369","marly"
"3370","marlyn"
"3371","marmaduke"
"3372","marna"
"3373","marnie "
"3374","marquis"
"3375","marquise"
"3376","marquita"
"3377","mars"
"3378","marsha"
"3379","marshal"
"3380","marshall"
"3381","martha"
"3382","martie"
"3383","martin"
"3384","martina"
"3385","marty"
"3386","marva"
"3387","marvin"
"3388","marvyn"
"3389","mary"
"3390","maryann"
"3391","maryanne"
"3392","marybeth"
"3393","marylou"
"3394","marylu"
"3395","marylyn"
"3396","maryvonne"
"3397","mason"
"3398","masterman"
"3399","mat"
"3400","mathew"
"3401","mathilda"
"3402","matilda"
"3403","matt"
"3404","matthew"
"3405","mattie"
"3406","matty"
"3407","maud"
"3408","maude"
"3409","maudie"
"3410","maura "
"3411","maureen"
"3412","maurene"
"3413","maurice"
"3414","maurine"
"3415","maurus"
"3416","maverick"
"3417","mavis"
"3418","max"
"3419","maxene"
"3420","maximilian"
"3421","maximillian"
"3422","maximus"
"3423","maxine"
"3424","maxwell"
"3425","may"
"3426","maya "
"3427","maybelle"
"3428","maybelline"
"3429","mayme"
"3430","maynard"
"3431","maynerd"
"3432","mayra"
"3433","mayson"
"3434","mckayla"
"3435","mckenna"
"3436","mckenzie"
"3437","meade"
"3438","meadow"
"3439","meagan"
"3440","meaghan"
"3441","meg"
"3442","megan"
"3443","meghan"
"3444","meginhard"
"3445","mel"
"3446","melanie"
"3447","melantha"
"3448","melany"
"3449","melba"
"3450","melicent"
"3451","melina"
"3452","melinda"
"3453","melissa"
"3454","mellony"
"3455","melody"
"3456","melva"
"3457","melville"
"3458","melvin"
"3459","melvyn"
"3460","melyssa"
"3461","mercia"
"3462","mercy"
"3463","meredith"
"3464","merideth"
"3465","meridith"
"3466","meriel"
"3467","merilyn"
"3468","merit "
"3469","meriwether"
"3470","merla"
"3471","merle"
"3472","merletta"
"3473","merlin"
"3474","merlyn"
"3475","merrick"
"3476","merrill"
"3477","merrilyn"
"3478","merritt"
"3479","merry "
"3480","merton"
"3481","merv"
"3482","mervin"
"3483","mervyn"
"3484","meryl"
"3485","mia"
"3486","micah"
"3487","micaiah"
"3488","michael"
"3489","michaela"
"3490","michayla"
"3491","micheal"
"3492","michel"
"3493","michelle"
"3494","michelyne"
"3495","mick"
"3496","mickey"
"3497","micky"
"3498","midge"
"3499","mikayla"
"3500","mike"
"3501","mikhaila"
"3502","mikki"
"3503","milburn"
"3504","mildred"
"3505","miles"
"3506","miley"
"3507","milford"
"3508","millard"
"3509","millicent"
"3510","millie"
"3511","milly"
"3512","milo"
"3513","milton"
"3514","mina "
"3515","mindy"
"3516","minerva"
"3517","minnie"
"3518","minta"
"3519","minty"
"3520","mirabelle"
"3521","miracle"
"3522","miranda"
"3523","miriam"
"3524","missie"
"3525","missy"
"3526","misti"
"3527","misty"
"3528","mitch"
"3529","mitchell"
"3530","mo"
"3531","modesty"
"3532","moe "
"3533","mollie"
"3534","molly"
"3535","mona "
"3536","monday"
"3537","monica"
"3538","monna"
"3539","monroe"
"3540","montague"
"3541","montana"
"3542","monte"
"3543","montgomery"
"3544","monty"
"3545","mora"
"3546","mordecai"
"3547","mordikai"
"3548","moreen"
"3549","morgan "
"3550","morgana"
"3551","moriah"
"3552","morley"
"3553","morris"
"3554","mort"
"3555","mortimer"
"3556","morton"
"3557","morty"
"3558","moses"
"3559","moss"
"3560","muadhnait"
"3561","muirgel"
"3562","murchadh"
"3563","muriel"
"3564","murphy"
"3565","murray"
"3566","mya"
"3567","myles"
"3568","myra"
"3569","myranda"
"3570","myron"
"3571","myrtie"
"3572","myrtle"
"3573","nadia "
"3574","nadya "
"3575","nan"
"3576","nancy"
"3577","nanette"
"3578","nannie"
"3579","nanny"
"3580","naomi "
"3581","napier"
"3582","narelle"
"3583","nash"
"3584","nat"
"3585","natalee"
"3586","natalie"
"3587","natalya"
"3588","natasha"
"3589","nate"
"3590","nathan"
"3591","nathanael"
"3592","nathaniel"
"3593","natille"
"3594","natisha"
"3595","neal"
"3596","ned"
"3597","neely"
"3598","neil"
"3599","nelda"
"3600","nell"
"3601","nella"
"3602","nelle"
"3603","nellie"
"3604","nelly"
"3605","nelson"
"3606","nena"
"3607","nessa "
"3608","netta"
"3609","nettie"
"3610","neva"
"3611","nevada"
"3612","nevaeh"
"3613","nevil"
"3614","neville"
"3615","newt"
"3616","newton"
"3617","ngaire"
"3618","nic"
"3619","nichola"
"3620","nicholas"
"3621","nichole"
"3622","nick"
"3623","nickolas"
"3624","nicky"
"3625","nicola "
"3626","nicole"
"3627","nidia"
"3628","nigel"
"3629","nigella"
"3630","nigellus"
"3631","nikeisha"
"3632","nikki"
"3633","nikkole"
"3634","nikolaos"
"3635","nikolas"
"3636","nikole"
"3637","niles"
"3638","nina "
"3639","nita "
"3640","noah "
"3641","noble"
"3642","noel"
"3643","noelene"
"3644","noelle"
"3645","nola"
"3646","nolan"
"3647","nolene"
"3648","nona "
"3649","nonie"
"3650","nora"
"3651","norah"
"3652","norbert"
"3653","noreen"
"3654","norene"
"3655","norm"
"3656","norma"
"3657","norman"
"3658","normand"
"3659","normina"
"3660","norris"
"3661","norton"
"3662","norwood"
"3663","nova"
"3664","nowell"
"3665","nydia"
"3666","nyree"
"3667","ocean"
"3668","octavia"
"3669","octavius"
"3670","odelia"
"3671","odell"
"3672","odetta"
"3673","odette"
"3674","odilia"
"3675","odysseus"
"3676","ogden"
"3677","olaf"
"3678","oli"
"3679","olive"
"3680","oliver"
"3681","olivia"
"3682","ollie"
"3683","olyvia"
"3684","oneida"
"3685","opal"
"3686","opaline"
"3687","ophelia"
"3688","ora "
"3689","oralee"
"3690","oralie"
"3691","orinda"
"3692","ormond"
"3693","ormonde"
"3694","orpah"
"3695","orpha"
"3696","orrell"
"3697","orson"
"3698","orval"
"3699","orville"
"3700","osbert"
"3701","osborn"
"3702","osborne"
"3703","osbourne"
"3704","oscar"
"3705","osmond"
"3706","oswald"
"3707","oswin"
"3708","otis"
"3709","ottilie"
"3710","otto"
"3711","ottoline"
"3712","owain"
"3713","owen "
"3714","oz "
"3715","ozzie"
"3716","ozzy"
"3717","pace"
"3718","pacey"
"3719","paden"
"3720","page"
"3721","paget"
"3722","paige"
"3723","paisley"
"3724","palmer"
"3725","pam"
"3726","pamela"
"3727","pamelia"
"3728","pamella"
"3729","pamila"
"3730","pancras"
"3731","pancratius"
"3732","panda"
"3733","pansy"
"3734","paris "
"3735","parker"
"3736","parnel"
"3737","parris"
"3738","pat"
"3739","patience"
"3740","patricia"
"3741","patrick"
"3742","patsy"
"3743","patti"
"3744","pattie"
"3745","patton"
"3746","patty"
"3747","paul"
"3748","paula"
"3749","pauleen"
"3750","paulene"
"3751","pauletta"
"3752","paulie"
"3753","paulina"
"3754","pauline"
"3755","paulino"
"3756","paxton"
"3757","payton"
"3758","peace"
"3759","pearce"
"3760","pearl"
"3761","pearle"
"3762","pearlie"
"3763","peers"
"3764","peg"
"3765","peggie"
"3766","peggy"
"3767","pen"
"3768","pene"
"3769","penelope"
"3770","penny"
"3771","peony"
"3772","perce"
"3773","percival"
"3774","percy"
"3775","peregrine"
"3776","perlie"
"3777","permelia"
"3778","pernel"
"3779","peronel"
"3780","perry"
"3781","peta"
"3782","pete"
"3783","peter"
"3784","petra"
"3785","petrina"
"3786","petronel"
"3787","petronilla"
"3788","petula"
"3789","petunia"
"3790","peyton"
"3791","phebe"
"3792","phemie"
"3793","pheobe"
"3794","phil"
"3795","philander"
"3796","philbert"
"3797","philibert"
"3798","philip"
"3799","philipa"
"3800","philippa"
"3801","philis"
"3802","phillida"
"3803","phillip"
"3804","phillipa"
"3805","phillis"
"3806","philomena"
"3807","phoebe"
"3808","phoenix"
"3809","phyliss"
"3810","phyllida"
"3811","phyllis"
"3812","pierce"
"3813","piers"
"3814","piety"
"3815","pip"
"3816","piper"
"3817","pippa"
"3818","placid"
"3819","placido"
"3820","pleasance"
"3821","pollie"
"3822","polly"
"3823","poppy"
"3824","porsche"
"3825","porter"
"3826","portia"
"3827","posie"
"3828","posy"
"3829","praise"
"3830","precious"
"3831","presley"
"3832","preston"
"3833","primrose"
"3834","primula"
"3835","prince"
"3836","princess"
"3837","pris"
"3838","prisca"
"3839","priscilla"
"3840","prissy"
"3841","prosper"
"3842","pru"
"3843","prudence"
"3844","prudentius"
"3845","prue"
"3846","prunella"
"3847","purdie"
"3848","qiana"
"3849","quanna"
"3850","queen"
"3851","queenie"
"3852","quentin"
"3853","quiana"
"3854","quianna"
"3855","quin"
"3856","quincey"
"3857","quincy"
"3858","quinlan"
"3859","quinn"
"3860","quinten"
"3861","quintin"
"3862","quintinus"
"3863","quinton"
"3864","quintus"
"3865","rachael"
"3866","racheal"
"3867","rachel"
"3868","rachelle"
"3869","rachyl"
"3870","racquel"
"3871","radcliff"
"3872","radclyffe"
"3873","rae"
"3874","raeburn"
"3875","raelene"
"3876","raelyn"
"3877","rafe"
"3878","ragnvaldr"
"3879","rain"
"3880","rainbow"
"3881","raine"
"3882","raleigh"
"3883","ralf"
"3884","ralph"
"3885","ralphie"
"3886","ramona"
"3887","ramsey"
"3888","randal"
"3889","randall"
"3890","randel"
"3891","randell"
"3892","randi"
"3893","randolf"
"3894","randolph"
"3895","randy"
"3896","raphael"
"3897","raquel"
"3898","raschelle"
"3899","rashaun"
"3900","rashawn"
"3901","rastus"
"3902","raven"
"3903","ravenna"
"3904","ray"
"3905","raylene"
"3906","raymond"
"3907","raymund"
"3908","raynard"
"3909","rayner"
"3910","read"
"3911","reagan"
"3912","reanna"
"3913","reannon"
"3914","reba"
"3915","rebecca"
"3916","rebeccah"
"3917","rebeccanne"
"3918","rebeckah"
"3919","rebekah"
"3920","red"
"3921","redd"
"3922","reed"
"3923","reene"
"3924","reenie"
"3925","reg"
"3926","regan"
"3927","regana"
"3928","regena"
"3929","reggie"
"3930","regina"
"3931","reginald"
"3932","reid"
"3933","reilly"
"3934","rena"
"3935","renae"
"3936","renatus"
"3937","renee"
"3938","renie"
"3939","renita"
"3940","retha"
"3941","reuben"
"3942","rex"
"3943","rexana"
"3944","rexanne"
"3945","reynard"
"3946","reynold"
"3947","rheanna"
"3948","rhett"
"3949","rhetta"
"3950","rhian"
"3951","rhianna"
"3952","rhiannon"
"3953","rhoda"
"3954","rhona"
"3955","rhonda"
"3956","rian"
"3957","rica"
"3958","rich"
"3959","richard"
"3960","richardine"
"3961","richelle"
"3962","richie"
"3963","richmal"
"3964","rick"
"3965","rickey"
"3966","ricki"
"3967","rickie"
"3968","ricky"
"3969","ridley"
"3970","rigby"
"3971","rikki"
"3972","riley"
"3973","rilla"
"3974","rina "
"3975","ripley"
"3976","rita"
"3977","ritchie"
"3978","river"
"3979","rob"
"3980","robbie"
"3981","robby"
"3982","robena"
"3983","robert"
"3984","roberta"
"3985","robin"
"3986","robina"
"3987","robyn"
"3988","robynne"
"3989","rocco"
"3990","rochelle"
"3991","rocky"
"3992","rod"
"3993","roddy"
"3994","roderick"
"3995","rodge"
"3996","rodger"
"3997","rodney"
"3998","rodolph"
"3999","roger"
"4000","roland"
"4001","rolf"
"4002","rolland"
"4003","rollo"
"4004","rolo"
"4005","rolph"
"4006","roly"
"4007","romaine"
"4008","roman"
"4009","romayne"
"4010","romey"
"4011","romy"
"4012","ron "
"4013","rona "
"4014","ronald"
"4015","ronda"
"4016","roni "
"4017","ronnette"
"4018","ronnie"
"4019","ronny"
"4020","roosevelt"
"4021","ros"
"4022","rosa "
"4023","rosabel"
"4024","rosaleen"
"4025","rosalin"
"4026","rosalind"
"4027","rosaline"
"4028","rosalyn"
"4029","rosalynne"
"4030","rosamond"
"4031","rosamund"
"4032","rosanna"
"4033","rosannah"
"4034","rosanne"
"4035","roscoe"
"4036","rose"
"4037","roseann"
"4038","roseanne"
"4039","roselyn"
"4040","rosemary"
"4041","rosie"
"4042","roslyn"
"4043","ross"
"4044","roswell"
"4045","rosy"
"4046","rowan"
"4047","rowanne"
"4048","rowena"
"4049","rowina"
"4050","rowland"
"4051","rowley"
"4052","roxana"
"4053","roxane"
"4054","roxanna"
"4055","roxanne"
"4056","roxie"
"4057","roxy"
"4058","roy"
"4059","royal"
"4060","royale"
"4061","royce"
"4062","roydon"
"4063","royle"
"4064","royston"
"4065","roz"
"4066","roza "
"4067","rozanne"
"4068","rube"
"4069","ruby"
"4070","rubye"
"4071","rudolf"
"4072","rudolph"
"4073","rudy"
"4074","rudyard"
"4075","rue"
"4076","rufus"
"4077","rupert"
"4078","russ"
"4079","russel"
"4080","russell"
"4081","rusty"
"4082","ruth "
"4083","ruthie"
"4084","ryan"
"4085","ryana"
"4086","ryann"
"4087","ryanne"
"4088","ryder"
"4089","ryker"
"4090","rylan"
"4091","rylee"
"4092","ryley"
"4093","rylie"
"4094","sabella"
"4095","sable"
"4096","sabrina"
"4097","sabryna"
"4098","sacheverell"
"4099","sachie"
"4100","sadie"
"4101","saffron"
"4102","sage"
"4103","sal"
"4104","salena"
"4105","salina"
"4106","sallie"
"4107","sally"
"4108","salome"
"4109","salvador"
"4110","sam "
"4111","samantha"
"4112","samara"
"4113","sammi"
"4114","sammie"
"4115","sammy"
"4116","sampson "
"4117","samson"
"4118","samuel"
"4119","sandford"
"4120","sandie"
"4121","sandra"
"4122","sandy"
"4123","sanford"
"4124","sapphire"
"4125","sara"
"4126","sarah"
"4127","saranna"
"4128","sarina"
"4129","satchel"
"4130","saundra"
"4131","savanna"
"4132","savannah"
"4133","sawyer"
"4134","saxon"
"4135","scarlet"
"4136","scarlett"
"4137","schuyler"
"4138","scot"
"4139","scott"
"4140","scottie"
"4141","scotty"
"4142","scout"
"4143","sean"
"4144","seanna"
"4145","sebastian"
"4146","sefton"
"4147","selby"
"4148","selene"
"4149","selina"
"4150","selma"
"4151","selwyn"
"4152","september"
"4153","sequoia"
"4154","sera"
"4155","seraphina"
"4156","serena"
"4157","serenity"
"4158","serina"
"4159","serrena"
"4160","seth "
"4161","seward"
"4162","seymour"
"4163","shad "
"4164","shadrach"
"4165","shae"
"4166","shaelyn"
"4167","shai"
"4168","shakil"
"4169","shakila"
"4170","shan"
"4171","shana"
"4172","shanae"
"4173","shane"
"4174","shanelle"
"4175","shanene"
"4176","shania"
"4177","shanice"
"4178","shanika"
"4179","shaniqua"
"4180","shanna"
"4181","shannah"
"4182","shannen"
"4183","shannon"
"4184","shanon"
"4185","shantae"
"4186","shantel"
"4187","shantelle"
"4188","shaquila"
"4189","shaquille"
"4190","sharalyn"
"4191","shari"
"4192","sharise"
"4193","sharla"
"4194","sharleen"
"4195","sharlene"
"4196","sharmaine"
"4197","sharon"
"4198","sharona"
"4199","sharron"
"4200","sharyl"
"4201","sharyn"
"4202","shaun"
"4203","shauna"
"4204","shavonne"
"4205","shaw "
"4206","shawn"
"4207","shawna"
"4208","shawnda"
"4209","shawnee"
"4210","shay "
"4211","shaye"
"4212","shayla"
"4213","shaylyn"
"4214","shayne"
"4215","shea"
"4216","sheard"
"4217","sheelagh"
"4218","sheena"
"4219","sheenagh"
"4220","sheila"
"4221","shel"
"4222","shelagh"
"4223","shelby"
"4224","sheldon"
"4225","shelena"
"4226","shelia"
"4227","shell"
"4228","shelley"
"4229","shelly"
"4230","shelton"
"4231","shena"
"4232","sheree"
"4233","sheri"
"4234","sheridan"
"4235","sherie"
"4236","sherill"
"4237","sherilyn"
"4238","sherisse"
"4239","sherley"
"4240","sherman"
"4241","sherri"
"4242","sherrie"
"4243","sherry"
"4244","sherwood"
"4245","sheryl"
"4246","sheryll"
"4247","shevaun"
"4248","shevon"
"4249","shirlee"
"4250","shirley"
"4251","shona"
"4252","shonda"
"4253","shoshannah"
"4254","shyla"
"4255","sibyl"
"4256","sibylla"
"4257","sid"
"4258","sidney"
"4259","sidonius"
"4260","sidony"
"4261","siena"
"4262","sienna"
"4263","sierra"
"4264","sigmund"
"4265","silas"
"4266","silvana"
"4267","silvanus"
"4268","silver"
"4269","silvester"
"4270","silvia"
"4271","silvius"
"4272","simon"
"4273","simone "
"4274","simonette"
"4275","sinclair"
"4276","sindy"
"4277","sinjin"
"4278","siobhan"
"4279","sissie"
"4280","sissy"
"4281","sky"
"4282","skye"
"4283","skylar"
"4284","skyler"
"4285","slade"
"4286","sloan"
"4287","sloane"
"4288","sly"
"4289","smith"
"4290","solomon"
"4291","sommer"
"4292","sondra"
"4293","sonia"
"4294","sonnie"
"4295","sonny"
"4296","sonya"
"4297","sophia"
"4298","sophie"
"4299","sophronia"
"4300","sophy"
"4301","sorrel"
"4302","sparrow"
"4303","spencer"
"4304","spike"
"4305","spirit"
"4306","spring"
"4307","stacee"
"4308","stacey"
"4309","staci"
"4310","stacia"
"4311","stacie"
"4312","stacy"
"4313","stafford"
"4314","stan"
"4315","stanford"
"4316","stanley"
"4317","star"
"4318","starla"
"4319","starr"
"4320","ste"
"4321","stella"
"4322","steph"
"4323","stephani"
"4324","stephania"
"4325","stephanie"
"4326","stephany"
"4327","stephen"
"4328","sterling"
"4329","steve"
"4330","steven"
"4331","stevie"
"4332","stew"
"4333","stewart"
"4334","stirling"
"4335","storm"
"4336","stu"
"4337","stuart"
"4338","sue"
"4339","suellen"
"4340","sukie"
"4341","sullivan"
"4342","summer"
"4343","sunday"
"4344","sunny"
"4345","sunshine"
"4346","susan"
"4347","susanna"
"4348","susie"
"4349","suzan"
"4350","suzanna"
"4351","suzanne"
"4352","suzi"
"4353","suzie"
"4354","suzy"
"4355","svetlana"
"4356","sybella"
"4357","sybil"
"4358","syd"
"4359","sydne"
"4360","sydney"
"4361","sydnie"
"4362","sylvana"
"4363","sylvester"
"4364","sylvia"
"4365","symphony"
"4366","tabatha"
"4367","tabby"
"4368","tabitha"
"4369","tacey"
"4370","tad"
"4371","taegan"
"4372","tahnee"
"4373","tajuana"
"4374","talbot"
"4375","talisha"
"4376","tallulah"
"4377","talmai"
"4378","talon"
"4379","tamar"
"4380","tamara"
"4381","tameka"
"4382","tamela"
"4383","tamera"
"4384","tami"
"4385","tamia"
"4386","tamika"
"4387","tamiko"
"4388","tammara"
"4389","tammi"
"4390","tammie"
"4391","tammy"
"4392","tamra"
"4393","tamsen"
"4394","tamsin"
"4395","tamsyn"
"4396","tamzen"
"4397","taneka"
"4398","tanesha"
"4399","tania"
"4400","tanika"
"4401","taniqua"
"4402","tanisha"
"4403","tanner"
"4404","tansy"
"4405","tanya"
"4406","tanzi"
"4407","tara "
"4408","tarah "
"4409","tarina"
"4410","tariq"
"4411","taryn"
"4412","tasha"
"4413","tate"
"4414","tatiana"
"4415","tatianna"
"4416","tatius"
"4417","tatton"
"4418","tatum"
"4419","tatyanna"
"4420","tawnee"
"4421","tawnie"
"4422","tawny"
"4423","tayla"
"4424","tayler"
"4425","taylor"
"4426","teagan"
"4427","teal"
"4428","teale"
"4429","ted"
"4430","teddy"
"4431","tel"
"4432","temperance"
"4433","tempest"
"4434","temple"
"4435","tennyson"
"4436","tera"
"4437","terance"
"4438","terence"
"4439","teresa"
"4440","teri"
"4441","terra"
"4442","terrance"
"4443","terrell"
"4444","terrence"
"4445","terri"
"4446","terrie"
"4447","terry "
"4448","tess"
"4449","tessa"
"4450","tessie"
"4451","tetty"
"4452","tex"
"4453","thad"
"4454","thaddeus"
"4455","thane"
"4456","thankful"
"4457","thea"
"4458","thelma"
"4459","theo"
"4460","theobald"
"4461","theodora"
"4462","theodore"
"4463","theodoric"
"4464","theodosia"
"4465","theophania"
"4466","theresa"
"4467","thom"
"4468","thomas"
"4469","thomasina"
"4470","thorburn"
"4471","thorley"
"4472","thornton"
"4473","thracius"
"4474","thurstan"
"4475","tia"
"4476","tiana"
"4477","tianna"
"4478","tiara"
"4479","tibby"
"4480","tiffani"
"4481","tiffany"
"4482","tiffiny"
"4483","tiger"
"4484","tilda"
"4485","tillie"
"4486","tilly"
"4487","tim"
"4488","timmy"
"4489","timotha"
"4490","timothy"
"4491","tina"
"4492","tiphanie"
"4493","tisha"
"4494","titty"
"4495","titus"
"4496","tobiah"
"4497","tobias"
"4498","tobin"
"4499","toby"
"4500","tod"
"4501","todd"
"4502","tolly"
"4503","tom "
"4504","tommie"
"4505","tommy"
"4506","toni "
"4507","tonia"
"4508","tony"
"4509","tonya"
"4510","topaz"
"4511","topher"
"4512","topsy"
"4513","tori"
"4514","toria"
"4515","torsten"
"4516","tory"
"4517","tottie"
"4518","totty"
"4519","toya"
"4520","trace"
"4521","tracee"
"4522","tracey"
"4523","traci"
"4524","tracie"
"4525","tracy"
"4526","trafford"
"4527","tranter"
"4528","travers"
"4529","travis"
"4530","treasure"
"4531","trecia"
"4532","trent"
"4533","trenton"
"4534","tresha"
"4535","trev"
"4536","trevelyan"
"4537","trevor"
"4538","trey"
"4539","tricia"
"4540","trina"
"4541","trinity"
"4542","trish"
"4543","trisha"
"4544","trista"
"4545","tristan"
"4546","tristen"
"4547","tristin"
"4548","triston"
"4549","tristram"
"4550","trix"
"4551","trixie"
"4552","troy"
"4553","trudi"
"4554","trudie"
"4555","trudy"
"4556","trueman"
"4557","truman"
"4558","tucker"
"4559","twila"
"4560","twyla"
"4561","ty"
"4562","tye"
"4563","tylar"
"4564","tyler"
"4565","tylor"
"4566","tyreek"
"4567","tyrell"
"4568","tyrese"
"4569","tyrik"
"4570","tyriq"
"4571","tyron"
"4572","tyrone"
"4573","tyrrell"
"4574","tyson"
"4575","ulric"
"4576","ulyssa"
"4577","ulysses"
"4578","unice"
"4579","unique"
"4580","unity"
"4581","upton"
"4582","ursella"
"4583","ursula"
"4584","val"
"4585","valarie"
"4586","valary"
"4587","valda"
"4588","valentine "
"4589","valeria"
"4590","valerie"
"4591","valorie"
"4592","van"
"4593","vance"
"4594","vanessa"
"4595","vaughn"
"4596","velda"
"4597","velma"
"4598","velvet"
"4599","venetia"
"4600","vera "
"4601","vere"
"4602","vergil"
"4603","verity"
"4604","vern"
"4605","verna"
"4606","vernon"
"4607","veronica"
"4608","veva"
"4609","vi"
"4610","vianne"
"4611","vic"
"4612","vicki"
"4613","vickie"
"4614","vicky"
"4615","victor"
"4616","victoria "
"4617","victorius"
"4618","vikki"
"4619","vin"
"4620","vinal"
"4621","vince"
"4622","vincent"
"4623","vinnie"
"4624","vinny"
"4625","viola"
"4626","violet"
"4627","virgee"
"4628","virgie"
"4629","virgil"
"4630","virginia"
"4631","vivian"
"4632","vivianne"
"4633","vivienne"
"4634","viviette"
"4635","vivyan"
"4636","vonda"
"4637","wade"
"4638","waldo"
"4639","walker"
"4640","wallace"
"4641","wallis"
"4642","wally"
"4643","walt"
"4644","walter"
"4645","walton"
"4646","wanda"
"4647","ward"
"4648","wardell"
"4649","warner"
"4650","warren"
"4651","warrick"
"4652","warwick"
"4653","washington"
"4654","wat"
"4655","wayland"
"4656","waylon"
"4657","wayne"
"4658","webster"
"4659","weldon"
"4660","wenda"
"4661","wendel"
"4662","wendell"
"4663","wendi"
"4664","wendy"
"4665","wenona"
"4666","wenonah"
"4667","werner"
"4668","wes"
"4669","wesley"
"4670","westley"
"4671","weston"
"4672","whitaker"
"4673","whitney"
"4674","wido"
"4675","wieland"
"4676","wil"
"4677","wilbur"
"4678","wilburh"
"4679","wilburn"
"4680","wilda"
"4681","wiley"
"4682","wilf"
"4683","wilford"
"4684","wilfred"
"4685","wilfreda"
"4686","wilfrid"
"4687","wilheard"
"4688","wilhelm"
"4689","wilhelmina"
"4690","wilkie"
"4691","will"
"4692","willa"
"4693","willard"
"4694","willem"
"4695","william"
"4696","willie"
"4697","willis"
"4698","willoughby"
"4699","willow"
"4700","willy"
"4701","wilma"
"4702","wilmer"
"4703","wilmot"
"4704","wilson"
"4705","wilton"
"4706","windsor"
"4707","wine"
"4708","winfred"
"4709","winifred"
"4710","winnie"
"4711","winnifred"
"4712","winona"
"4713","winslow"
"4714","winston"
"4715","winter"
"4716","winthrop"
"4717","winton"
"4718","wisdom"
"4719","wolf"
"4720","wolfe"
"4721","wolfgang"
"4722","wolfram"
"4723","woodrow"
"4724","woody"
"4725","wren"
"4726","wright"
"4727","wyatt"
"4728","wynne "
"4729","wynona"
"4730","wynonna"
"4731","wynter"
"4732","wystan"
"4733","xander"
"4734","xanthe"
"4735","xanthia"
"4736","xavia"
"4737","xavier"
"4738","xaviera"
"4739","xavior"
"4740","xzavier"
"4741","yadira"
"4742","yahweh"
"4743","yancy"
"4744","yasmin"
"4745","yasmine"
"4746","yazmin"
"4747","yelena"
"4748","yelizaveta"
"4749","yolanda"
"4750","yolonda"
"4751","york"
"4752","yves"
"4753","yvette"
"4754","yvon"
"4755","yvonne"
"4756","zac"
"4757","zach"
"4758","zachariah"
"4759","zacharias"
"4760","zachary"
"4761","zachery"
"4762","zack"
"4763","zackary"
"4764","zackery"
"4765","zahrah"
"4766","zak"
"4767","zander"
"4768","zandra"
"4769","zane"
"4770","zanna"
"4771","zara "
"4772","zaria"
"4773","zavanna"
"4774","zavia"
"4775","zavier"
"4776","zechariah"
"4777","zed"
"4778","zedekiah"
"4779","zeke"
"4780","zelda "
"4781","zelma"
"4782","zena"
"4783","zeph"
"4784","zephaniah"
"4785","zeus"
"4786","zinnia"
"4787","zoe"
"4788","zoey"
"4789","zoie"
"4790","zola"
"4791","zowie"
"4792","zula"
"4793","fletcher"
"4794","davies"
"4795","amp"
"4796",""
